PR,PR_API,ChatGPT_Link,Link_Status
https://github.com/Rhetos/Rhetos/pull/479,https://api.github.com/repos/Rhetos/Rhetos/pulls/479,https://chat.openai.com/share/878eea0f-7dce-401f-8aad-c2a5eb214f0a,404
https://github.com/Regression-Games/RGUnityBots/pull/100,https://api.github.com/repos/Regression-Games/RGUnityBots/pulls/100,https://chat.openai.com/share/1b7c364c-9a91-4ac1-ba2e-f14e1560d2ef,404
https://github.com/faker-js/faker/pull/2658,https://api.github.com/repos/faker-js/faker/pulls/2658,https://chat.openai.com/share/bbb3bb28-cb2d-436e-beb8-af36537c0897 ,200
https://github.com/VOICEVOX/voicevox/pull/1790,https://api.github.com/repos/VOICEVOX/voicevox/pulls/1790,https://chat.openai.com/share/3640a35f-056b-4be6-912b-321796408267,200
https://github.com/VOICEVOX/voicevox/pull/1621,https://api.github.com/repos/VOICEVOX/voicevox/pulls/1621,https://chat.openai.com/share/85e06c91-586d-4872-835e-1ef91a69e56f,200
https://github.com/rapidsai/cuspatial/pull/1295,https://api.github.com/repos/rapidsai/cuspatial/pulls/1295, https://chat.openai.com/share/43a1b380-e356-4b5e-8c87-08b07003435b,200
https://github.com/uchicago-cs/chigame/pull/265,https://api.github.com/repos/uchicago-cs/chigame/pulls/265,https://chat.openai.com/share/e3e3871f-4acd-4959-94a3-d260c84f8ede,200
https://github.com/localstack/localstack-blog.github.io/pull/10,https://api.github.com/repos/localstack/localstack-blog.github.io/pulls/10,https://chat.openai.com/share/c591ffcf-bd80-4de2-a6b1-ac5cf13d2903,404
https://github.com/jwjacobson/jazz_repertoire/pull/65,https://api.github.com/repos/jwjacobson/jazz_repertoire/pulls/65,https://chat.openai.com/share/8242fb00-dd2a-4891-8318-935b7fd1d136,200
https://github.com/okp4/docs/pull/364,https://api.github.com/repos/okp4/docs/pulls/364,https://chat.openai.com/g/g-zUzcYmVbX-okp4-druid-oracle-beta,404
https://github.com/nishiki-tech/nishiki-frontend/pull/223,https://api.github.com/repos/nishiki-tech/nishiki-frontend/pulls/223,https://chat.openai.com/share/6c5cfec0-e801-4ab9-87e0-28810deebeb1,200
https://github.com/nishiki-tech/nishiki-frontend/pull/184,https://api.github.com/repos/nishiki-tech/nishiki-frontend/pulls/184,https://chat.openai.com/share/a85682c7-e98b-4ab9-9f84-a0a0edc9d88d,200
https://github.com/marqo-ai/marqo/pull/670,https://api.github.com/repos/marqo-ai/marqo/pulls/670,https://chat.openai.com/share/d6c43184-1ad5-49b5-b209-e659bdb68c33,200
https://github.com/bitcoin/bitcoin/pull/28846,https://api.github.com/repos/bitcoin/bitcoin/pulls/28846,https://chat.openai.com/share/6d5445a7-14ac-493b-a41a-d2b23899caa6,200
https://github.com/VyProductions/SeniorDesign/pull/57,https://api.github.com/repos/VyProductions/SeniorDesign/pulls/57,https://chat.openai.com/share/968d797a-0ef8-4644-91b9-70d1a3d0c016,200
https://github.com/VyProductions/SeniorDesign/pull/53,https://api.github.com/repos/VyProductions/SeniorDesign/pulls/53,https://chat.openai.com/share/ec50f5d6-714c-4b9e-ac60-d64ecb656c3b,200
https://github.com/VyProductions/SeniorDesign/pull/56,https://api.github.com/repos/VyProductions/SeniorDesign/pulls/56,https://chat.openai.com/share/37465814-748e-4964-9580-5c66150a501e,404
https://github.com/VyProductions/SeniorDesign/pull/51,https://api.github.com/repos/VyProductions/SeniorDesign/pulls/51,https://chat.openai.com/share/dc460461-5653-44b6-b996-3e00ace11f98,200
https://github.com/dragonflydb/dragonfly/pull/2153,https://api.github.com/repos/dragonflydb/dragonfly/pulls/2153,https://chat.openai.com/share/1cbf6e42-6800-4ead-9e07-171c145d3b5b,200
https://github.com/PolicyEngine/policyengine-us/pull/3258,https://api.github.com/repos/PolicyEngine/policyengine-us/pulls/3258,https://chat.openai.com/share/46ad69dc-4ce7-4572-88e7-d60dc69f6715,200
https://github.com/joke2k/faker/pull/1988,https://api.github.com/repos/joke2k/faker/pulls/1988,https://chat.openai.com/share/1f311605-ce61-4b5b-b702-ba8c41e6833a,200
https://github.com/zauberzeug/nicegui/pull/2272,https://api.github.com/repos/zauberzeug/nicegui/pulls/2272,https://chat.openai.com/share/266efdfa-5002-4670-abc5-e9941e437cf0,200
https://github.com/BolasLien/enjoyment-luxury-hotel/pull/9,https://api.github.com/repos/BolasLien/enjoyment-luxury-hotel/pulls/9,https://chat.openai.com/share/e416e597-5bf7-428e-880b-ecaa43a80ad3,200
https://github.com/exchange-wata/next.js14-tailwindcss-udemy-blog/pull/6,https://api.github.com/repos/exchange-wata/next.js14-tailwindcss-udemy-blog/pulls/6,https://chat.openai.com/share/761f9bcf-3722-4b33-b7c5-37196253e07a,200
https://github.com/equinix/metal-cli/pull/405,https://api.github.com/repos/equinix/metal-cli/pulls/405,https://chat.openai.com/share/4d97fa93-08b7-4e4d-8a7c-2343394a6ffe,200
https://github.com/langroid/langroid/pull/301,https://api.github.com/repos/langroid/langroid/pulls/301,https://chat.openai.com/share/d7dbe641-4d5c-48db-8887-4260b04fa18e,200
https://github.com/empirical-org/Empirical-Core/pull/11308,https://api.github.com/repos/empirical-org/Empirical-Core/pulls/11308,https://chat.openai.com/c/97307d69-7fcd-4b56-9c38-f8e884c5be4d,404
https://github.com/robotology/icub-models-generator/pull/252,https://api.github.com/repos/robotology/icub-models-generator/pulls/252,https://chat.openai.com/share/69784828-87f9-4a53-b805-55d02d66384b,200
https://github.com/Opetushallitus/ludos/pull/102,https://api.github.com/repos/Opetushallitus/ludos/pulls/102,https://chat.openai.com/share/bdfcb857-08a3-4ff9-b610-b9bffcff6db8,200
https://github.com/skypilot-org/skypilot/pull/3081,https://api.github.com/repos/skypilot-org/skypilot/pulls/3081,https://chat.openai.com/share/1a5fb45b-2e92-406f-83ec-89b5501be830,200
https://github.com/deso-protocol/core/pull/875,https://api.github.com/repos/deso-protocol/core/pulls/875,https://chat.openai.com/share/f8aade6f-7822-484a-9057-f656f7429669,200
https://github.com/hackforla/CivicTechJobs/pull/477,https://api.github.com/repos/hackforla/CivicTechJobs/pulls/477,https://chat.openai.com/share/b9a11492-1029-401c-a93e-05fbef0e7295,200
https://github.com/camel-ai/camel/pull/400,https://api.github.com/repos/camel-ai/camel/pulls/400,https://chat.openai.com/share/14b5a1fb-50e5-4335-9eee-565ce83661e5,200
https://github.com/timjuic/paypro-android/pull/8,https://api.github.com/repos/timjuic/paypro-android/pulls/8,https://chat.openai.com/share/d94fa9ba-11a5-4c40-bae8-067e01039e30,200
https://github.com/star82620/join-joy/pull/71,https://api.github.com/repos/star82620/join-joy/pulls/71,https://chat.openai.com/share/2c928a8a-d6eb-4914-ad46-0c35e75dd981,404
https://github.com/primer-io/primer-sdk-ios/pull/723,https://api.github.com/repos/primer-io/primer-sdk-ios/pulls/723,https://chat.openai.com/share/3ff353ef-09a3-46b0-b4ea-1a01aa097b82,200
https://github.com/openwallet-foundation/credo-ts/pull/1754,https://api.github.com/repos/openwallet-foundation/credo-ts/pulls/1754,https://chat.openai.com/share/59212a33-041e-4542-956b-bdb7fd65de30,200
https://github.com/pass-culture/pass-culture-main/pull/9227,https://api.github.com/repos/pass-culture/pass-culture-main/pulls/9227,https://chat.openai.com/share/7f809ea3-cfcf-4ac2-80b9-1197feff7f1b,200
https://github.com/MartinsOnuoha/what-should-i-design/pull/8,https://api.github.com/repos/MartinsOnuoha/what-should-i-design/pulls/8,https://chat.openai.com/share/7f809ea3-cfcf-4ac2-80b9-1197feff7f1b,200
https://github.com/digitalbitbox/bitbox-wallet-app/pull/2415,https://api.github.com/repos/digitalbitbox/bitbox-wallet-app/pulls/2415,https://chat.openai.com/share/4c3f44d9-5a73-4605-abfe-a1e5daf5e21c,200
https://github.com/digitalbitbox/bitbox-wallet-app/pull/2368,https://api.github.com/repos/digitalbitbox/bitbox-wallet-app/pulls/2368,https://chat.openai.com/share/f7b28f24-d71f-4502-9fa9-0b79b0e7cc20,200
https://github.com/etalab/annuaire-entreprises-site/pull/796,https://api.github.com/repos/etalab/annuaire-entreprises-site/pulls/796,https://chat.openai.com/share/caad291b-920c-4e2e-bcc1-04c191f2d587,200
https://github.com/gradle/gradle/pull/26792,https://api.github.com/repos/gradle/gradle/pulls/26792,https://chat.openai.com/share/2901f5fc-81a4-4c6c-a3d3-604e19e1b90f,200
https://github.com/featureform/featureform/pull/1195,https://api.github.com/repos/featureform/featureform/pulls/1195,https://chat.openai.com/g/g-qiridIddk-code-mentor,404
https://github.com/40LF0/couple_project_backend/pull/13,https://api.github.com/repos/40LF0/couple_project_backend/pulls/13,https://chat.openai.com/share/1d1b07f3-3908-46fa-801e-946a0fc5b48c,200
https://github.com/raspiblitz/raspiblitz/pull/4312,https://api.github.com/repos/raspiblitz/raspiblitz/pulls/4312,https://chat.openai.com/share/3e713490-b15c-4f9e-81e5-afbf31a2cabf,200
https://github.com/whatwg/urlpattern/pull/198,https://api.github.com/repos/whatwg/urlpattern/pulls/198,https://chat.openai.com/share/550e4e1f-39cf-4a01-8664-85cdbb399d2b,200
https://github.com/kube-hetzner/terraform-hcloud-kube-hetzner/pull/1091,https://api.github.com/repos/kube-hetzner/terraform-hcloud-kube-hetzner/pulls/1091,https://chat.openai.com/share/2e9050f1-2a75-4293-86d5-bef232fa4132,200
https://github.com/MatrixAI/Polykey/pull/604,https://api.github.com/repos/MatrixAI/Polykey/pulls/604,https://chat.openai.com/share/caaac780-4de6-4b1a-ab6a-68cd4ed58cd8,404
https://github.com/polywrap/evo.ninja/pull/629,https://api.github.com/repos/polywrap/evo.ninja/pulls/629,https://chat.openai.com/share/e1032759-1fc9-475c-b07a-7ffcd33050d5,200
https://github.com/netket/netket/pull/1631,https://api.github.com/repos/netket/netket/pulls/1631,https://chat.openai.com/share/eefd3861-16f7-4850-ac63-998784264c7b,200
https://github.com/SSWConsulting/SSW.Rules.Content/pull/7614,https://api.github.com/repos/SSWConsulting/SSW.Rules.Content/pulls/7614,https://chat.openai.com/share/d7be0b08-bdfc-4822-aa9a-bd4843e83078,200
https://github.com/asadm/playroom-unity/pull/43,https://api.github.com/repos/asadm/playroom-unity/pulls/43,https://chat.openai.com/share/ea8c8c00-eb88-48ed-ba62-0967a7b48b50,200
https://github.com/g12-4soat/tech-lanches/pull/66,https://api.github.com/repos/g12-4soat/tech-lanches/pulls/66,https://chat.openai.com/share/fdf5e03a-c4b0-498a-968c-8585714840d4,200
https://github.com/usatie/pong/pull/174,https://api.github.com/repos/usatie/pong/pulls/174,https://chat.openai.com/share/3b9e682b-9adb-464c-b749-e6aea774829d,200
https://github.com/usatie/pong/pull/138,https://api.github.com/repos/usatie/pong/pulls/138,https://chat.openai.com/share/3918b060-510b-4b3e-a94a-7cfaf1e2f996,200
https://github.com/sveltejs/learn.svelte.dev/pull/522,https://api.github.com/repos/sveltejs/learn.svelte.dev/pulls/522,https://chat.openai.com/share/fad5f67a-2f7e-45a4-a759-18e5b9aa44cb,200
https://github.com/airbytehq/airbyte/pull/33679,https://api.github.com/repos/airbytehq/airbyte/pulls/33679,https://chat.openai.com/share/eb500944-8bb6-43a1-b64e-5f901f4587c4,200
https://github.com/betagouv/beta.gouv.fr/pull/16244,https://api.github.com/repos/betagouv/beta.gouv.fr/pulls/16244,https://chat.openai.com/share/225a4d0a-6b61-4266-bc8c-e4ead7ceb80c,200
https://github.com/codeigniter4/CodeIgniter4/pull/8230,https://api.github.com/repos/codeigniter4/CodeIgniter4/pulls/8230,https://chat.openai.com/share/9437d9ca-6365-4070-b11b-9c31cede7a2a,200
https://github.com/itpplasma/libneo/pull/21,https://api.github.com/repos/itpplasma/libneo/pulls/21,https://chat.openai.com/share/e49e67a1-6caf-4448-abca-474b10e34acc,200
https://github.com/mdn/content/pull/30321,https://api.github.com/repos/mdn/content/pulls/30321,https://chat.openai.com/share/e875af6c-d468-4174-9740-0f869e229047,200
https://github.com/ory/elements/pull/171,https://api.github.com/repos/ory/elements/pulls/171,https://chat.openai.com/share/b85618ff-b1c3-4c28-b36f-44d35556216c,200
https://github.com/hacktoberfestkorea/hacktoberfestkorea/pull/241,https://api.github.com/repos/hacktoberfestkorea/hacktoberfestkorea/pulls/241,https://chat.openai.com/share/3b0ce9bc-448c-4ba4-946b-300b6cad74f1,200
https://github.com/unity-atoms/unity-atoms/pull/448,https://api.github.com/repos/unity-atoms/unity-atoms/pulls/448,https://chat.openai.com/share/d30de92e-1ced-4eab-b255-e035079d1a5d ,200
https://github.com/Altinn/altinn-broker/pull/259,https://api.github.com/repos/Altinn/altinn-broker/pulls/259,https://chat.openai.com/share/b7853f70-84b8-477b-9879-a93a51215f81,200
https://github.com/rotary-genomics/rotary/pull/57,https://api.github.com/repos/rotary-genomics/rotary/pulls/57,https://chat.openai.com/share/930460eb-2687-4e57-b683-e06ec3074eee,200
https://github.com/kazuki1023/hackathon202402/pull/2,https://api.github.com/repos/kazuki1023/hackathon202402/pulls/2,https://chat.openai.com/share/723e9518-cf93-46a9-ab95-71e3c07bc362,200
https://github.com/kbss-cvut/fta-fmea-ui/pull/153,https://api.github.com/repos/kbss-cvut/fta-fmea-ui/pulls/153,https://chat.openai.com/share/3bb73e47-e805-4b43-bc0a-7aa4caf88796,200
https://github.com/shakacode/heroku-to-control-plane/pull/114,https://api.github.com/repos/shakacode/heroku-to-control-plane/pulls/114,https://chat.openai.com/share/e62c8db1-0622-4617-b8a6-5c3a4d82f387,200
https://github.com/pokt-network/poktroll/pull/338,https://api.github.com/repos/pokt-network/poktroll/pulls/338,https://chat.openai.com/share/d2590505-31e2-4e34-be93-8e4fabf8d872,200
https://github.com/pokt-network/poktroll/pull/185,https://api.github.com/repos/pokt-network/poktroll/pulls/185,https://chat.openai.com/share/d68981db-26e1-431c-841d-2bb31096c0c9,200
https://github.com/pokt-network/poktroll/pull/284,https://api.github.com/repos/pokt-network/poktroll/pulls/284,https://chat.openai.com/share/286502d2-021b-4caa-8c90-eb6138a57c01,200
https://github.com/pokt-network/poktroll/pull/220,https://api.github.com/repos/pokt-network/poktroll/pulls/220,https://chat.openai.com/share/8f5daa07-dc01-4434-a978-c728923f6e78,200
https://github.com/jsdom/jsdom/pull/3644,https://api.github.com/repos/jsdom/jsdom/pulls/3644,https://chat.openai.com/share/3892a3b2-1c1c-4b9c-9a0f-fe3df1c317ae,200
https://github.com/testsigmahq/testsigma-docs/pull/349,https://api.github.com/repos/testsigmahq/testsigma-docs/pulls/349,https://chat.openai.com/share/85b5da6d-9524-45e7-be53-a9902a332724,200
https://github.com/customerio/gist-web/pull/25,https://api.github.com/repos/customerio/gist-web/pulls/25,https://chat.openai.com/share/d0c2a3ac-6225-4817-aa9c-6202305ff9d2,200
https://github.com/hufscheer/client/pull/119,https://api.github.com/repos/hufscheer/client/pulls/119,https://chat.openai.com/share/e693f6f2-de5a-4f90-a49f-8d95b8740ebb,200
https://github.com/jxnl/instructor/pull/186,https://api.github.com/repos/jxnl/instructor/pulls/186,https://chat.openai.com/share/51b5e459-6956-4591-b8a9-beeae0401063,200
https://github.com/VOICEVOX/voicevox_core/pull/655,https://api.github.com/repos/VOICEVOX/voicevox_core/pulls/655,https://chat.openai.com/share/ea95f20d-b69c-47e3-96cc-5f7872077d53,200
https://github.com/boostcampwm2023/web15-BaekjoonRooms/pull/50,https://api.github.com/repos/boostcampwm2023/web15-BaekjoonRooms/pulls/50,https://chat.openai.com/share/13cc5a56-d758-407e-bc55-2ad0711bd719,200
https://github.com/unoplatform/workshops/pull/128,https://api.github.com/repos/unoplatform/workshops/pulls/128,https://chat.openai.com/share/d633a7b6-1b3c-4730-a60b-96dfd97baa0a,200
https://github.com/codecrafters-io/frontend/pull/1061,https://api.github.com/repos/codecrafters-io/frontend/pulls/1061,https://chat.openai.com/share/d668d64c-182e-4e9d-8e17-6517d91fc65e,200
https://github.com/JuliaDocs/Documenter.jl/pull/2394,https://api.github.com/repos/JuliaDocs/Documenter.jl/pulls/2394,https://chat.openai.com/share/a5c0b599-79f0-46e5-9840-74984896d398,200
https://github.com/VOICEVOX/voicevox_engine/pull/904,https://api.github.com/repos/VOICEVOX/voicevox_engine/pulls/904,https://chat.openai.com/share/cb0a7a43-fbff-4876-801a-921c90ed5618,200
https://github.com/SalesforceCommerceCloud/pwa-kit/pull/1528,https://api.github.com/repos/SalesforceCommerceCloud/pwa-kit/pulls/1528,https://chat.openai.com/share/d5a18a26-08b3-47ea-a1ac-952dee512285,200
https://github.com/seamapi/seam-cli/pull/68,https://api.github.com/repos/seamapi/seam-cli/pulls/68,https://chat.openai.com/share/82aa4e7b-43c4-4279-bb33-a347d85e4216,200
https://github.com/groundlight/python-sdk/pull/142,https://api.github.com/repos/groundlight/python-sdk/pulls/142,https://chat.openai.com/share/c2b2ef08-7577-41d6-890d-01a8ddab9517,200
https://github.com/Bananapus/nana-core/pull/37,https://api.github.com/repos/Bananapus/nana-core/pulls/37,https://chat.openai.com/share/94d9b5cd-bd5e-4dfd-a11e-39cef1f0634e,200
https://github.com/daydule/odyssey-frontend/pull/29,https://api.github.com/repos/daydule/odyssey-frontend/pulls/29,https://chat.openai.com/share/a9452ad4-6b33-40a9-9e73-6d85fd5bd8fc,200
https://github.com/daydule/odyssey-frontend/pull/22,https://api.github.com/repos/daydule/odyssey-frontend/pulls/22,https://chat.openai.com/share/adc90fb5-54c2-4f1c-8b17-e2928e556b02,404
https://github.com/chatwoot/chatwoot/pull/8136,https://api.github.com/repos/chatwoot/chatwoot/pulls/8136,https://chat.openai.com/share/781e05cf-afab-488d-afb3-4885e7df3d82,200
https://github.com/maybe-finance/maybe/pull/228,https://api.github.com/repos/maybe-finance/maybe/pulls/228,https://chat.openai.com/share/dffc98d6-e9ea-4513-8914-d431c2a3cae6,200
https://github.com/pyg-team/pytorch-frame/pull/281,https://api.github.com/repos/pyg-team/pytorch-frame/pulls/281,https://chat.openai.com/share/3506c8b0-4810-42f2-a23a-a9d4e3c38fe4,200
https://github.com/sablier-labs/v2-core/pull/734,https://api.github.com/repos/sablier-labs/v2-core/pulls/734,https://chat.openai.com/share/cc9100d2-7294-42bc-b579-a3ef5c79e194,200
https://github.com/cyface-de/android-backend/pull/289,https://api.github.com/repos/cyface-de/android-backend/pulls/289,https://chat.openai.com/share/f67d4e61-6866-4176-9a1f-c120f083baaa,404
https://github.com/mlflow/mlflow/pull/9991,https://api.github.com/repos/mlflow/mlflow/pulls/9991,https://chat.openai.com/share/372cbd76-25c3-4fef-840b-2b826d44588b,200
https://github.com/facebookresearch/llama-recipes/pull/279,https://api.github.com/repos/facebookresearch/llama-recipes/pulls/279,https://chat.openai.com/share/d289e3f8-9d84-4eea-b4d0-fafd752150c9,200